无门槛模型SSR,有门槛模型SSR,LR统计量,LR检验P值,门槛效应是否显著
26.759069251474177,26.478230718835153,7.594177704120671,0.005855709737604076,是
